0.8958853919044633,14253719,28.069001253858026
0.9037538599664823,12540150,26.05485146604938
0.9121276674176635,10856043,22.45787181712963
0.9181644245825193,8801731,19.051743344907408
0.933147062396409,6814961,14.784918499228395
0.9454179860266813,5610331,12.704891493055555
0.928329381633522,7049964,15.965093557098765
0.9168281441140285,8463552,19.423731674382715
0.9063314305518715,9889992,22.285454282407407
0.9025902200164866,10959471,24.062221739969136
0.8980007754557037,11989384,25.692087191358024
0.8928724817992304,13108402,27.699883294753086
0.8881880766651085,14044553,29.1000178433642
0.8832826102772018,15334803,30.54854890046296
0.8808352328792071,16260923,31.924962866512345
0.8786570438464416,16974489,32.70782359182099
0.8758243744692097,17539146,32.98973861882716
0.8771306559938058,17608290,32.376362847222225
0.8760266287536779,17877591,32.38526089891975
0.8753468210784519,17851987,32.613975212191356
0.8747418939095176,17856968,32.522274305555555
0.8765121042446107,17618411,32.19640383873457
0.8802242297830873,16936260,31.131479552469134
0.8804902909218196,16486431,30.81769917052469
0.8829271597097037,15877278,30.180546875
0.8849209233496269,15099184,29.285647183641974
0.8872875522713616,14261929,28.579521122685186
0.8958699727947562,13351269,27.02831356095679
0.9000518912499974,12567960,25.631947337962963
0.89811692000634,12479743,25.31023582175926
0.9083655116774056,10988253,22.6100959683642
0.9136889850018723,9988756,21.15612750771605
0.9201900095814105,9160407,19.26672309027778
0.9242527439676553,8412514,17.898999807098765
0.9278938978423708,7982537,16.749751639660495
0.9342459805056256,7372746,15.369639274691359
0.9242820272580422,8422059,18.97636043595679
0.9394952739653661,6603070,14.696687885802469
0.9424225394458347,6284491,13.538074363425926
0.9428051741370121,6203152,13.685684799382717
0.9456973783799523,5908146,12.697588734567901
0.9456606183125292,5843584,12.690378086419754
0.9410217157823427,6413618,14.167325424382716
0.9331802528261957,6722946,15.35619598765432
0.9288472513050429,7231533,16.38922984182099
0.9253485681883518,7313998,16.789220679012345
0.9204858899607983,7845046,17.89925636574074
0.9195212605959607,8072287,18.11482880015432
0.917026408375498,8755633,19.4726171875
0.9173792986968604,8963757,19.857812982253087
0.9161045661265458,8916496,19.848901427469137
0.9150848510671374,8820771,19.694266493055554
0.9180650360958001,8262448,18.584630594135803
0.9213793809351352,7731297,17.763192997685184
0.9288025140068242,6804491,15.914443962191358
0.9381970695332814,5794661,13.5705965470679
0.9562598793895524,4178234,9.75670524691358
0.9755698669736728,2716814,5.695690586419753
0.9740491361903219,2675170,5.3908728780864195
0.9463227359848251,5059162,10.664049961419753
0.9505015038356324,4213364,10.349604552469136
0.9377458200788235,5308342,12.848126929012345
0.9333664181406701,5776443,13.716580343364198
0.9271753476247079,6481391,14.925791377314814
0.9285790999134945,6512586,14.899322916666666
0.9280213673500894,6572250,14.889934413580248
0.9306530730499948,6378644,14.640023148148147
0.9348193657618286,6088656,14.01105613425926
0.9373323213071114,5939619,13.531627604166667
0.9430727657909417,5471335,12.389008969907408
0.9488564125134048,4937754,11.00716724537037
0.9552621575453359,4416505,9.447366415895061
0.9690907803874187,3241648,6.711565393518518
0.9768805180885248,2457396,4.898465470679012
0.9768710104901646,2540970,5.064378858024692
0.9691628389785953,3025764,6.634401041666667
0.9583356038629436,3738071,8.676325713734569
0.951305400625387,4241645,9.76485580632716
0.945873143960735,4670577,10.740646701388888
0.9470029908046337,4678518,10.525452353395062
0.9521879067880521,4296772,9.702265625
0.9560196044657007,4063570,9.06195987654321
0.9585622197185211,3874560,8.4638387345679
0.9612393644912721,3702538,7.962790316358024
0.9676468880789579,3158823,6.826657503858025
0.9732742576307678,2713218,5.563589891975309
0.9760240002755622,2501998,4.821163194444445
0.9743526319413648,2917874,6.437786458333333
0.9672266312120524,3463611,7.99072193287037
0.9692478306805209,3337654,5.922441165123457
0.9827288445083429,2153509,3.9973239776234566
0.9864854703034249,1775322,3.3134519675925924
0.9884774240442492,1581890,2.8618711419753087
0.9856862540790762,1747387,3.3111781442901234
0.98436304898094,1951370,3.5193123070987653
0.9867874310337883,1610789,3.1948394097222224
0.9861200112449572,1708837,3.332282503858025
0.9882334919561305,1501410,2.7258072916666665
0.9875635831529276,1624149,2.74674430941358
0.9875288198145556,1820106,2.8365210262345677
0.9900639660255091,1389178,2.454249614197531
0.988798503032931,1424645,2.641669077932099
0.9882784221255153,1627229,2.7944786844135803
0.983480829023044,1887395,3.708843074845679
0.9827253265255008,1901828,3.911574074074074
0.9795228800853637,2158533,4.3523413387345675
0.9807616007720598,2047793,4.132413676697531
0.98722170420046,1597711,3.110766300154321
0.9862626203201936,1653211,3.1535161072530866
0.9892174892096116,1456771,2.5735691550925925
0.9894554346539053,1477536,2.3940952932098765
0.990481623450174,1337897,2.319959972993827
0.992278496558315,1137015,1.899317611882716
0.9918950830458385,1194571,1.844618537808642
0.9903466143705426,1318542,2.012469135802469
0.9910496900931219,1191189,2.016145351080247
0.9902857238491733,1170679,2.0747352430555557
0.9915435905198572,1235129,1.8962514467592593
0.9908017247820002,1048701,1.9454335455246914
0.9690424634608862,3187637,5.323158275462963
0.9953549580532994,653749,1.1581804591049383
0.9946421240378449,737291,1.161192611882716
0.9957905676560991,710680,0.9509182098765432
0.9918973745770193,1136757,1.5574956597222223
0.9943284082238212,941915,1.1747825038580246
0.9952574336455791,797207,1.0020867091049384
0.9938911691181469,933062,1.1976466049382717
0.9948603350239813,905983,1.0732740162037038
0.9963145734632369,684785,0.9069333526234568
0.9951894964696619,823953,1.053013599537037
0.9942821529112841,925220,1.2603202160493827
0.992591646593834,1070154,1.5839149305555555
0.9943377326139411,951178,1.3678356481481482
0.9946319239032068,836816,1.2446141975308642
0.9951901165577954,839089,1.0980058834876543
0.9936229745279719,997379,1.2556129436728396
0.9941644667000359,879874,1.160859375
0.995599670039298,747438,0.8112355324074074
0.9933572886265596,890832,1.2049131944444444
0.9942450119234705,877637,1.118878761574074
0.979063426258855,2652536,5.773561921296296
0.9891544449305337,1482616,2.786062885802469
0.9922700378193564,1238972,1.8286275077160494
0.9925783146565453,1184519,1.8510508294753087
0.9937427129829561,1044025,1.6954277584876543
0.9869527256010694,1462420,2.513461612654321
0.9819520705799031,1716092,3.1691136188271605
0.9901658130182158,1285487,2.416022858796296
0.9882708304714234,1372958,2.9427932098765432
0.9728908165207181,2920364,5.141329089506173
0.9853322784327347,1663293,3.4256852816358023
0.9870217424464623,1688501,3.4115253665123455
0.9939867688812168,1003675,1.8203698881172838
0.9896206587644175,1446826,3.207259837962963
0.9880477644060232,1619397,2.9545818865740743
0.9896050216933782,1269865,2.6960884452160494
0.9884512117082614,1444204,2.7997743055555557
0.993460408904117,1015883,1.690417148919753
0.9893349278684029,1383892,2.3447743055555557
0.9903799732780338,1105505,1.935855999228395
0.9878766080316168,1158655,2.16088493441358
0.9879783224207048,1193723,2.077131076388889
0.9924724520542714,1054536,1.4354706790123457
0.9899573917028165,1027606,1.619608410493827
0.9926493702582715,813120,1.2678858024691357
0.9914779050219886,1080773,1.4888758680555556
0.9921092434311662,997866,1.4897193287037036
0.9939659178281292,929846,1.18054012345679
0.991824357554813,975684,1.6918962191358025
0.9922820578789671,937485,1.6043002507716049
0.99253762779768,1021642,1.5248958333333333
0.9909183190687232,1178633,1.720044849537037
0.9945211130084681,883119,1.1717250192901234
0.9914858639814104,961831,1.4940678047839506
0.9912985088254817,1000014,1.4759760802469135
0.9886182480235737,1040938,1.7433506944444443
0.9886165465623722,919180,1.6608738425925926
0.993975260758727,743196,0.9813888888888889
0.9915752735205831,769540,1.273809799382716
0.9687555328975676,3068915,4.901879340277778
0.9950070451875929,670564,1.0912528935185186
0.9949489965027439,686250,1.1035812114197532
0.9959417726081236,647332,0.8674305555555556
0.9928732727813975,948977,1.3228187692901234
0.9936180295849748,841101,1.1510633680555555
0.9927733109158327,807909,1.2986993634259258
0.9912247800236442,1092261,1.4900361689814814
0.9948362129000387,822904,1.1020100308641976
0.991910311292194,1082922,1.8982561728395062
0.9904434024197514,1294252,2.1455073302469136
0.9898382017678816,1377701,2.344521122685185
0.989706476440253,1319294,2.425257523148148
0.990803596850132,1325557,2.3125294174382716
0.9892138006980977,1429245,2.579484471450617
0.9879642388459277,1618138,2.8821720679012346
0.9848727356552957,1846178,3.6462770061728396
0.9838690962028326,1903311,3.8926808449074075
0.979867016953266,2240334,4.495283564814815
0.9719701919248677,2843285,5.883324170524691
0.9721548000111969,2769072,5.991907793209877
0.9685110320059211,3001813,6.5605840084876546
0.9623271718052496,3480764,7.480214120370371
0.9572630191367575,3782431,8.253152488425926
0.9505763416510018,4391871,9.674627218364197
0.9411304134616901,5153169,11.61905719521605
0.9314571276917106,6129619,13.781451099537037
0.9262297907531158,6959648,15.773098958333334
0.9232448508391501,7821080,17.11416473765432
0.9188221199098725,8471935,18.59721209490741
0.9077265255417681,9773433,20.607779224537037
0.9108462894687452,9660414,20.595773533950616
0.9063535133161249,10263342,21.06195891203704
0.9073590041614149,9788187,20.684405381944444
0.9095514717250169,9342872,20.229632523148148
0.9097493558581098,9413553,20.13481819058642
0.9071359476163396,9770843,20.34105179398148
0.9054427346947539,10104540,21.10526813271605
0.910129303476305,10063509,21.190549286265433
0.9092549987679496,10215385,21.610527102623458
0.912967997432356,10014849,21.211113522376543
0.9139577305687053,9797428,20.213287037037038
0.9130485260015895,9934121,20.03178578317901
0.918901192530648,9705739,19.5361222029321
0.9169778388401258,9978713,19.979714023919755
0.9168539563595574,10380764,20.78597125771605
0.9150677426598713,10828615,21.687507233796296
0.9142085480711762,11004845,22.156466531635804
0.9131591102370168,11161432,22.0700993441358
0.9096421994397714,11582160,22.765189043209876
0.9071346676909381,11809768,23.193276427469137
0.9071642578410529,11780227,23.276007426697532
0.9051498446509952,11908877,23.90595920138889
0.9036868554270223,12133586,24.20434413580247
0.902585793182765,12292198,24.773640046296297
0.9052557148570862,11996003,24.673600019290124
0.9092076075435322,11634117,24.361088445216048
0.9098569296494159,11295681,23.55733844521605
0.9131684949187249,10648402,22.30550925925926
0.9139237604137683,10284481,21.290377604166668
0.9861947563474324,1714514,1.739975887345679
0.9112224119759202,10617987,21.25850646219136
0.9175427787838851,9669788,18.65621527777778
0.9140066731712493,10070398,20.29631462191358
0.9148238237947708,9802731,21.041366222993826
0.9141067739676266,9775012,21.563659336419754
0.9139283428272762,10052963,22.277312403549384
0.9086938478456627,10926602,23.788183834876545
0.9043043189469679,11781559,25.258566261574074
0.9020638926610008,12787527,26.737904610339505
0.9013446456741729,13602525,27.513501639660493
0.9011263925528652,14211723,28.425981385030862
0.9008650183125358,15045748,28.967545331790124
0.9021691864501183,14988859,28.42350742669753
0.9042615691109754,14447732,26.600823688271603
0.9076399432434924,13596209,24.792217881944445
0.9116428607358898,12468324,23.362274305555555
0.9134449086128279,11583091,22.147535204475307
0.9198391854801339,10328473,19.275245466820987
0.9257809134659618,9339077,17.756506076388888
0.9268384157505685,8883408,17.41475212191358
0.9323655463099931,7821920,15.649483024691358
0.9360027283124912,7151137,14.623671392746914
0.9379440393860946,6807136,14.715462962962963
0.9439575194089727,6126429,13.930466338734568
0.9446697777602969,5984773,13.645624517746914
0.9485409887165435,5617002,12.915496720679013
0.9510567599760801,5358862,11.847823109567901
0.9483253045794019,5352374,11.4989949845679
0.9559578316711103,4720239,10.322097318672839
0.9476437884477984,5489455,11.287084780092593
0.9589570169466364,4209683,8.97947193287037
0.9606924671260849,4032531,8.68652729552469
0.961403596878272,3893204,8.073258101851852
0.961807434822084,3833174,7.571397569444445
0.956836796464877,4175613,8.371229263117284
0.9580058575486502,4268587,8.200024594907408
0.9599140544214989,3876711,7.616310281635802
0.9542259305876059,4365529,8.844508584104938
0.9507456484981284,4718634,9.912817322530865
0.950218297668118,4610501,10.023680073302469
0.9515860325700957,4387659,9.681793499228394
0.9571810599867892,3865734,8.387437307098766
0.9615044642347558,3533170,7.325489004629629
0.9650908744588392,3507899,6.904945505401234
0.9636710294807541,3724545,7.443055073302469
0.966878487999184,3648287,7.118238329475308
0.9689150609616466,3475365,6.828983892746914
0.9705674502176728,3469239,6.637806230709876
0.9723445043918535,3369131,6.601749131944445
0.9685729889851484,3810134,7.810257523148148
0.9644831571259981,3882084,8.833297646604938
0.9560260948746162,4577452,10.330163966049383
0.9498267004934973,4871951,11.511850405092593
0.9563016288836224,4583514,10.744744405864198
0.9577864478506655,4209067,9.646491608796296
0.9547597159376026,4446503,9.629153645833334
0.9510231916666853,4468776,9.914138695987655
0.9467565248709441,4909194,11.380253665123456
0.9438901525112935,5245582,12.024599729938272
