0.8504504675704452,19361199,32.36880256558642
0.8748346256591157,14353880,26.28049286265432
0.8951530634933177,10629278,20.786184413580248
0.8839675061164336,11141775,21.464521122685184
0.8672949149980056,12888475,23.541807002314815
0.8694100292998078,12585625,22.825261863425926
0.8797698515175055,11098329,21.201495466820987
0.8541135188173651,13436794,22.745783179012346
0.8313442462095693,15789338,24.245925925925928
0.8270455990754622,16068390,24.641587577160493
0.8234142161922609,16052151,24.953978105709876
0.8244562413866916,15686334,25.323431712962964
0.837224635026828,14429463,23.867969232253085
0.8618362360507785,12836466,22.404934413580246
0.8953666493016574,9846118,18.589890046296297
0.918913112976251,8012101,16.27743296682099
0.9286241997268657,7413617,14.52143856095679
0.9276480794052755,8021640,13.443817515432098
0.9026773804087066,10194204,15.679195601851852
0.8785698658389953,11867782,19.40862075617284
0.9983214544253894,314742,0.44902006172839504
0.8654154314408534,12585081,21.323335744598765
0.8530839491508724,13978406,22.885089699074076
0.8328963280494424,15543594,23.920335648148146
0.789990673478102,21502169,30.208539255401234
0.7709985479780478,24453072,34.3873543595679
0.7372915953951953,30334894,39.531581790123454
0.7135713095134264,35908484,45.86800829475309
0.7090314119838171,39167478,50.687154706790125
0.7199696467797251,39017457,52.040385320216046
0.7414589703582946,37823898,51.77897280092593
0.7752805798228927,35365109,52.98332995756173
0.8066693976624306,29326240,43.45827642746914
0.8427616498167163,26853291,41.142764756944445
0.8689429298580897,28367172,45.877854938271604
0.8837958711941688,27297538,49.96755787037037
0.8828962590194478,19896780,43.29516975308642
0.8731761657154361,23759169,38.49712336033951
0.8881021166426406,17296370,29.895304783950618
0.8974875501261117,12848472,27.276766975308643
0.894871629442846,15870584,28.26039834104938
0.8993651018734845,19644654,32.386328125
0.8829800339147521,25324260,36.39816743827161
0.9007985975596259,12558319,25.541571662808643
0.8899259595318969,19964184,30.287518325617285
0.8927725962020676,19260098,29.64405574845679
0.9192664688629921,10819672,20.691037808641976
0.9251251690856256,13931641,21.310713252314816
0.9299662221328931,18310004,26.110015432098766
0.9172313938834195,19360427,27.504045621141977
0.9249295110287942,13274710,22.644623842592594
0.9127653002644985,20276679,28.483258584104938
0.9271501525293213,16602651,27.015057388117285
0.9195483842790365,13232756,26.229809027777776
0.9069389125475843,12983426,23.202337962962964
0.9000292053295795,12205133,21.081246624228395
0.9068550493362751,10761391,21.553447627314814
0.9116045827765692,10931157,19.995439332561727
0.9231997275806824,12739696,19.301960841049382
0.9360003080747117,6994250,13.387650462962963
0.9199783396724016,11960504,30.712532793209878
0.9151550999197596,8316476,15.261849922839506
0.9193784146233659,11423474,19.946036844135804
0.92277212254659,10446516,21.554883294753086
0.9331700679414017,10615687,20.286694155092594
0.9679431512215698,8044789,12.225545428240741
0.9676136207305157,4952360,9.187174961419753
0.9455336532112806,9246712,16.26402584876543
0.9409823314930789,12292414,19.05104648919753
0.9204520639719297,20783983,24.822169656635804
0.9214262810396936,22169881,30.159795042438272
0.9206161253312245,21176909,29.765407503858025
0.922129988017511,15287695,19.30594184027778
0.9189462148399528,14602444,19.06233024691358
0.9246312069028711,12407551,19.56132667824074
0.9384646795863901,7951384,15.851295331790123
0.9298272244158272,7417444,13.795252700617285
0.9233074194269185,7175391,12.956984471450617
0.9073851941536539,11491165,15.979544270833333
0.9002984406696651,14156858,26.579821566358024
0.9024511887119,21799258,32.309253472222224
0.9061895970644237,23746007,38.241932388117284
0.9001430732510493,22043255,33.86607976466049
0.9161170506791433,16414508,24.281875
0.8892944400511424,19752268,26.543553240740742
0.8825183436061053,15311244,25.03611111111111
0.8622413526255018,20013037,28.856279417438273
0.8712217299608394,17196246,27.74319926697531
0.8542927827719912,21718552,30.837874228395062
0.8563744916836263,22043783,30.582986593364197
0.883862227430955,14558048,24.379710648148148
0.9151775626651953,10059367,17.118239293981482
0.8902888537954302,17433279,23.742392457561728
0.8792228794354898,21062636,28.18046778549383
0.8712243537345147,20641465,26.383862364969136
0.8997786474123752,15010940,20.812863618827162
0.9180721861373675,13365503,18.944561631944445
0.9194886742341684,15772043,20.89720244984568
0.9020231559469789,20080781,24.23685619212963
0.9185993269793954,14576367,20.262177372685183
0.9052013151962403,21029195,24.381048900462964
0.9089544311094513,19098628,23.49729263117284
0.9336101706888316,13713284,21.27420235339506
0.9166968852410711,22214193,26.12550009645062
0.8951601292875992,21620223,27.239000289351853
0.9341585664110369,9730044,19.772041859567903
0.9130760147283186,20909241,26.060330343364196
0.9204361422302223,20015198,24.531598186728395
0.949731478832565,8214241,16.124700520833333
0.9033257097420421,18835369,25.11585696373457
0.8942096404753207,18827596,25.44376736111111
0.9443278106204046,7366228,16.73028260030864
0.9221640024525724,17879598,23.00535300925926
0.923570705767738,17559354,21.687003279320987
0.9420605454873305,10248488,17.51215374228395
0.9098124638096883,22679724,28.373776041666666
0.8820761489190835,24383515,31.969517264660492
0.8807987561954055,20010712,32.0363956404321
0.9172811829404628,11762333,24.236659432870372
0.9137315687707981,18675979,27.73959346064815
0.9205903035247008,20249738,27.299933449074075
0.9203129608860849,16390511,25.283641493055555
0.9307431305902015,16063517,24.455957272376544
0.9089430523288483,22151352,28.865066550925928
0.912156689466044,22561433,34.31303192515432
0.9230228865489819,17913056,33.39395158179013
0.9160231977536558,16153933,30.21411410108025
0.9275961606846845,12131349,24.390176022376544
0.9303741090065403,16014697,27.638723476080248
0.9257319045597354,19176768,31.322440200617283
0.9172602054095502,19505450,30.879608410493827
0.9310984924741289,17025850,28.365372299382717
0.9353001533128527,14637829,22.957555459104938
0.9165081476644826,15403169,25.0728727816358
0.9061684436760011,16811265,24.01865017361111
0.9071644528265668,16404545,22.56999758873457
0.9102849605845186,16169849,22.832925829475307
0.9085218505065953,17838372,17.57244598765432
0.9297709932722047,13518209,16.95580777391975
0.9527370336964979,7013578,11.059891010802469
0.9640026750256052,3561182,5.702234760802469
0.9508819764946669,5237973,9.37404079861111
0.9448487713564848,4163848,8.688890817901235
0.9422962363764041,4097369,8.934110243055555
0.9345365863915969,4682011,10.071046971450617
0.934608710143319,4439615,10.345484664351853
0.9353097860382855,4441844,10.594730902777778
0.9401800776398057,4135620,9.663109567901234
0.9591342169293051,3129021,6.948854648919753
0.9541983599050814,3483623,7.3803891782407405
0.9469938053256656,3771096,8.923234953703703
0.9452515279155125,3617835,9.213397472993828
0.9483363676771412,3602353,8.575584008487654
0.950027044725145,3844724,7.981097608024691
0.967150808921418,3130221,5.479107349537037
0.9634810311764951,3302141,5.6846484375
0.9556796829141511,5232752,8.350970293209876
0.9413494930476706,12897829,12.955355420524691
0.9276270281087634,18409727,19.13830102237654
0.9035633381942068,18834245,27.182441647376542
0.8869858611877222,20255854,31.30076099537037
0.8812503516362006,18606321,26.686165605709878
0.8730863507080855,18061348,27.487986111111113
0.8714044849802477,15949941,25.99364052854938
0.8875947215010545,13524007,25.128953993055557
0.9026041917180991,9542157,18.512598861882715
0.8938160787812386,11371945,19.85713396990741
0.8944588860576581,12810320,21.06388599537037
0.8975362870636885,14191334,21.544447337962964
0.9017107216169493,13945144,21.049200424382715
0.9040379657110384,14321286,21.751330054012346
0.911938504453564,12509100,19.801435185185184
0.9230959951527375,10542269,17.27193142361111
0.939003207047777,7532918,13.799202353395062
0.9328945083866607,8596274,15.057033179012345
0.9316530906045736,8938810,15.486931905864198
0.9397173784132372,7778345,13.810658275462963
0.9385206002258261,7193916,13.375002893518518
0.9393206540203928,6208919,12.277651909722222
0.9255963330794684,6527691,13.448654031635803
0.9250850904433324,6011099,13.292405960648148
0.9529989568904605,4129594,8.628204089506173
0.962952324380781,3151314,6.991629050925926
0.9781824020445379,2080531,4.482786940586419
0.9719144344072537,2566222,5.45546875
0.9650806121431866,3351952,7.131065779320988
0.9609784037913995,3618721,7.585418113425926
0.9558352514019317,4399929,9.058890335648147
0.9509877759382598,5289562,10.086350308641975
0.9550167664368036,4729016,9.448098958333333
0.9562527574025367,5163066,9.628505979938272
0.9632531238294914,4857837,8.315097897376543
0.9721731432569718,3668726,6.787264660493827
0.9769339220303034,2947913,5.741903452932099
0.9750063872797573,2610347,5.3977927276234565
0.9703906200948428,2843432,6.023762538580247
0.9732923849645473,2482272,5.412554976851852
0.9845084916315338,1785331,3.914957079475309
0.9828012936342827,1731272,3.7801649305555554
0.9737917620094593,2379757,5.2619931520061725
0.9577882897015163,3451259,7.756175250771605
0.946283549644805,4444439,9.810962094907408
0.9422735678268834,4697345,10.40432243441358
0.9477181262321889,4307829,10.176057581018519
0.9575135088209759,3433305,8.07413532021605
0.9734823768901872,2407428,5.466455439814815
0.981708873057285,1979659,4.330699749228395
0.9706547330900263,2955782,5.9841801697530865
0.9667144217481664,3335576,6.764130015432099
0.9510017593713214,4505178,9.130686728395062
0.9609296552499714,3701027,7.530616801697531
0.9697774553934984,2966565,6.428988715277778
0.9824456085382443,1886354,4.065400270061728
0.9870298406528795,1466650,2.938161651234568
0.98655237686951,1439588,3.03970775462963
0.9911496246983861,1085597,2.163002025462963
0.9882355215809707,1316925,2.8097014853395064
0.9848017934487702,1559213,3.364119888117284
0.9870442081857369,1317446,2.8802073688271603
0.9888697784836786,1249215,2.7380164930555555
0.985508304874644,1402394,3.0520814043209876
0.9865852738581277,1454493,3.0131004050925925
0.978469594558049,2156733,4.684096739969136
0.9732414834534574,2714173,5.982329764660494
0.965591497710897,3135250,6.808081597222222
0.9616208710345463,3375092,7.255824652777778
0.9674567838743434,2824280,6.381251929012346
0.9802831842570623,2088580,4.608750964506173
0.9819395911621849,1928530,4.232334104938271
0.9750798017459588,2453546,5.337028356481482
0.9706370589523068,2667699,5.930553144290124
0.9685090334855536,2951368,6.267458526234568
0.9733972082622369,2530334,5.469146412037037
0.9758160769322493,2370221,5.11333381558642
0.9778948913741108,2081633,4.530423900462963
0.9839689118136317,1596375,3.3500168788580247
0.9829770052206185,1784843,3.9890880594135805
0.9766441538281192,2225325,4.956456886574074
0.9766399368928814,2027553,4.64376880787037
0.9707031540578309,2666196,5.509614197530865
0.9842750047146045,1787803,3.8783907214506175
0.9617205325651764,3151022,7.39025462962963
0.9720754670188828,2820070,6.26844425154321
0.9711313708812674,2670339,6.067842881944444
0.971050623329829,2725891,6.157476369598766
0.9707407968132559,2708035,5.957955729166667
0.9680743533762063,2871664,6.263568672839506
0.9703729853653668,2588249,5.90536506558642
0.9678431759004031,2891402,6.70850887345679
0.9561939958464387,3692221,8.344771894290124
0.9568835996765485,3845344,8.12427276234568
0.949640645966393,4900091,10.053307773919753
0.9395779392535253,7304999,13.198644386574074
0.9312794854111771,9832015,15.704574170524692
0.930790377579349,10027146,16.119097222222223
0.9205125715732481,10698750,17.66598861882716
0.9105613813486109,11756123,20.129260706018517
0.9186307929237637,13280207,20.798436053240742
0.931668380567581,13028000,19.45599151234568
0.9341402222107364,12696864,19.493959297839506
0.947876273901138,9343449,16.300567611882716
0.9522183289490933,8882905,15.73131606867284
0.9476057767357549,6921860,13.434366319444445
0.9377985395362056,6476114,14.218474151234568
0.9334184289160491,6194247,14.452867959104939
0.9360760128202029,5666925,13.482271894290124
0.9392103506624748,5432591,12.75130931712963
0.9434716537368397,5016575,11.60156780478395
0.9466048902165993,5475434,12.886924189814815
0.9390106416035527,6858845,14.093472704475309
0.9396071827411819,8009321,14.876372974537038
0.9312760138712778,8836879,15.826042148919752
0.9281118790743161,9684977,18.36671440972222
0.9373676662400511,6887255,14.845682388117284
0.9445307462363535,6893923,13.437404031635802
0.9503196764336226,6776974,12.787839506172839
0.9408870367685095,9199110,15.58063850308642
0.9199879694512461,11508734,17.641997492283952
0.8976046496450906,13676988,21.8064274691358
0.8829554663122289,13495530,22.907623456790123
0.8796918660055206,12792887,21.531783854166665
0.881960806577509,11498892,19.16199363425926
0.8989523149429807,8874864,16.592987075617284
0.9212134360062786,6292736,13.90573013117284
0.9181684102834919,6776460,13.500609567901234
0.9151353753430328,7639331,14.057302758487655
0.9101878631783634,9945824,16.039033564814815
0.9021108706299342,11007165,18.227751253858024
0.895067797465036,12493627,20.227214023919753
0.8833452598089577,13245197,21.75685619212963
0.8681388627111218,14682399,23.7358984375
0.873708587526107,14317547,22.009202835648146
0.8903468099456171,13069857,19.224388020833334
0.9070486032660233,10931617,15.35064670138889
0.9278292617525323,8369299,12.042249710648148
0.9289650183807102,7483813,11.49082995756173
0.9288181306643806,6995056,12.530524691358025
0.9198438163855087,7146876,13.84482349537037
0.9070653049628182,7473410,15.189897762345678
