0.9942321745217981,1026062,1.2460657793209877
0.9940268022544716,1072045,1.3467684220679013
0.9920312814211528,1561447,1.7180029899691358
0.9918049388504682,1494104,1.6136381172839507
0.9917478964692304,1381334,1.5210570987654322
0.990984992391672,1444515,1.6798548418209878
0.9898662299162144,1529720,1.8078211805555555
0.9899867756896852,1494623,1.7848297646604938
0.9906727252176992,1443916,1.7114911265432098
0.9904613707808131,1470162,1.761286651234568
0.9894705409645301,1505115,1.8529730902777777
0.9892056008255006,1534413,1.9338035300925926
0.9878268824742795,1645531,2.21317081404321
0.9897339844665088,1493156,1.852030285493827
0.988018316617414,1607764,2.0838020833333335
0.9877677547581373,1546796,2.0258439429012345
0.9887874251936554,1501599,1.9128004436728394
0.9890896575342548,1524745,1.8792317708333333
0.9879035207591836,1595668,2.0626167052469135
0.9878068877399793,1566886,2.0851533564814817
0.9895650373976685,1469710,1.8267409336419753
0.9904753489964101,1427723,1.7103496334876542
0.9896064182952596,1497666,1.8286448688271606
0.9898502860661283,1509035,1.8023943865740741
0.9902484387123366,1454171,1.7384379822530864
0.9900769474176205,1477210,1.7659567901234567
0.9894793214080098,1486446,1.8176340663580246
0.9896294489672699,1486291,1.8498741319444445
0.9894050534671461,1488089,1.8538295717592592
0.9850284417845117,1748740,2.2863300540123457
0.9890728540541619,1440532,1.7987509645061728
0.9898064014220932,1443489,1.7627338927469136
0.9896824545945525,1514955,1.936571662808642
0.9876254471101867,1642767,2.4109804205246914
0.9848708636780648,1948312,3.344656635802469
0.9824553823664074,2260612,4.346682098765432
0.9784909517747512,2719737,5.402751253858025
0.9755354665706937,3216475,6.7487726658950615
0.973630917098018,3564378,7.972021604938272
0.9738788081703765,3866584,9.07304976851852
0.9740602595041882,3907237,9.420264756944444
0.9745711982581257,3958229,9.738491994598766
0.9754854994965139,4037482,9.322823109567901
0.9769258134955344,4312136,9.833359375
0.976968480658494,4501749,10.273759162808641
0.976949261830578,4321673,10.022493730709877
0.9756780954283368,4205064,9.540511188271605
0.9787498282875406,3690013,8.3449609375
0.981079277540395,3518824,7.704360532407407
0.9783065002859763,3884531,8.327145543981482
0.9757614224302507,4018327,8.68345244984568
0.974447285780639,4220757,9.355221354166666
0.9741384591834882,4273107,9.57932243441358
0.9721525189710634,4211296,9.30645736882716
0.9733171277126191,4194245,9.198799672067901
0.975582180627614,3972580,8.543784722222222
0.9757197214070004,3746399,7.834164255401235
0.9748459285064838,3655640,7.631253858024691
0.9736713337356553,3390406,7.193512731481482
0.9715345128410908,3139845,6.338914448302469
0.9759601557433927,2717957,5.329073591820988
0.9784577597574042,2582373,4.859138213734568
0.9812514705228809,2363411,4.35533805941358
0.9809694288558625,2318840,4.153388310185186
0.9814631857578602,2309042,4.09787712191358
0.9827286854158144,2232812,3.9423726851851852
0.982911864140316,2195718,3.8567515432098767
0.981050817477612,2336114,4.228141396604938
0.980578667273441,2344322,4.273527199074074
0.9815132405948122,2303184,4.157320601851852
0.9811824882617918,2333994,4.252148919753086
0.9793777698297704,2458716,4.7296074459876545
0.9802971705662994,2402026,4.415921103395061
0.9814122211716194,2391843,4.635444155092593
0.9814203639128206,2350617,4.444582851080247
0.9792776959315865,2472093,4.7077290702160495
0.9785467502504259,2472099,4.692550636574074
0.9778877437250655,2778967,5.803316454475309
0.9765777703392384,3094452,6.247027391975308
0.9750894620449003,3427174,6.572870370370371
0.9756454081286974,3761194,7.421844135802469
0.977310500806855,3825123,8.115170235339507
0.9769053520246768,3737158,7.997379436728395
0.9749843857568378,3644719,8.112172550154321
0.974403391176144,3540391,8.047777295524691
0.9735995223061427,3607304,8.254219714506172
0.9743130816552038,3377526,7.3985792824074075
0.9748892652748244,3146615,6.9161742862654325
0.9749795671545968,3085390,6.800744598765432
0.9729266477501826,3048869,6.195037133487654
0.9746606597814388,2850223,5.764844232253086
0.9759370585037267,2810281,5.5727454668209875
0.9773285645501959,2662503,5.183265335648148
0.977696659596168,2579406,4.738282214506173
0.9788066034871015,2465485,4.464531732253087
0.9806143788286862,2308270,4.156490162037037
0.9820626494795511,2196199,3.738189139660494
0.9803827824248539,2324837,4.15942081404321
0.9802280639922095,2308970,4.239248649691358
0.9816734597586219,2183144,3.791249035493827
0.9836858032362886,2043101,3.304774787808642
0.9823764112189066,2100469,3.4040639467592593
0.9812873972551569,2223772,3.630869984567901
0.9827553520041727,2135875,3.5373085455246915
0.9829063238348285,2071221,3.360910011574074
0.9824584707139039,2044313,3.214198977623457
0.9834845786100748,1995597,3.0711472800925925
0.9846901344419325,1927939,2.8352589699074073
0.9856584167166105,1876978,2.6840055941358023
0.9843077593008147,1934584,2.7986062885802467
0.9837859684348156,1979034,3.004259259259259
0.9849876651734462,1934801,2.9043156828703705
0.9809951066220958,2370486,3.8744434799382717
0.9833235134043621,2019568,3.051220100308642
0.9825434220800093,2055168,3.173474151234568
0.9821899431748876,2103322,3.285578703703704
0.9823481761256323,2060937,3.1804383680555555
0.9811047864970236,2133585,3.351510898919753
0.9813884099262463,2102795,3.3604489776234567
0.9761555672387286,2390183,3.896432773919753
0.980766292705263,2099804,3.2086265432098764
0.983433170077939,1968011,2.906072048611111
0.9839094646541977,1950138,2.7920216049382716
0.9831945202688995,1949733,2.724930073302469
0.9837681967892161,1897191,2.609968653549383
0.9849433147237292,1817333,2.4508251350308643
0.9848725002111864,1821689,2.4563777970679013
0.9840332238220196,1884023,2.5328129822530863
0.9835164533802595,1981447,2.7277281057098763
0.9840823953780352,1983791,2.7051875964506173
0.9839789706518199,1915342,2.710955825617284
0.9829549190909225,1984206,2.8476784336419754
0.9832789669209924,1938569,2.7767317708333334
0.9837652444918108,1957159,2.727654803240741
0.984616437360545,1894278,2.604064429012346
0.9834247430598593,1941246,2.736687885802469
0.982958762303185,2004848,2.8652729552469136
0.9839747529053317,1925149,2.7077695794753085
0.9839948370514555,1945959,2.7620548804012346
0.983106393953541,1944971,2.760525173611111
0.9833510810501916,1967626,2.7731037808641976
0.984346687346442,1898831,2.6067250192901232
0.9849637914635138,1858330,2.499891010802469
0.9837207753163569,1895165,2.5897169174382717
0.9837463837270689,1953721,2.671798321759259
0.9840820993466537,1932677,2.6928351658950618
0.9839504783537589,1924363,2.732815875771605
0.9821480785995916,2120567,3.155747010030864
0.9814269724367741,2173529,3.3566652199074074
0.9768428238582297,2362902,3.714343171296296
0.9799301455835906,2162301,3.4910855516975308
0.9804133149973709,2320008,3.9809297839506175
0.9788406576776896,2490031,4.6588758680555555
0.9774340122476616,2597005,5.0130550733024695
0.9729948506154676,3282410,7.129117476851852
0.9700327735565392,4007639,8.938556616512345
0.9678921841594543,4513089,10.342057773919754
0.9681459431608006,4673504,10.45106288580247
0.9681679305182452,4912907,10.90609519675926
0.9687995849384001,5278823,11.629086130401234
0.9681822047921305,5620175,12.502567997685185
0.9675469815421415,6161148,14.685100308641974
0.9690055545217103,5966308,13.353747106481482
0.9704022412416741,6168984,12.141233603395062
0.9726928902270038,5008808,10.033010223765432
0.9754326000117975,3954458,8.336456404320987
0.9764380558991689,3597093,7.3828872492283955
0.9772624039198601,3161737,6.528485243055556
0.9796150313333104,2616853,5.242050057870371
0.9775427443404164,2682782,5.554810956790123
0.9788048966653821,2586489,5.267024980709876
0.9781560958541679,2639973,5.478616415895062
0.9741782382204506,2896775,5.9235662615740745
0.9736089011246849,2901040,5.960465856481481
0.9752485885803943,2759337,5.496118344907408
0.9779127302858863,2558491,4.76631606867284
0.9768935040559766,2700197,5.23014419367284
0.9756740817828766,2735488,5.379576581790124
0.9765454397453728,2614255,5.062340374228395
0.9749754752264046,2729502,5.226247106481481
0.978600477834306,2537199,4.83363956404321
0.9791203241322503,2557946,4.903182870370371
0.9766137284503758,2824224,5.663233024691358
0.9742885110183434,3000338,6.215060763888889
0.9729567357168221,3110627,6.671352719907407
0.9689780740893255,4163217,9.090951485339506
0.9660111218124487,4758914,10.504684606481481
0.9651342059018114,4399394,10.132987075617283
0.9651963634623894,4090992,9.373898533950618
0.9697170934158655,3443000,7.206072530864198
0.9698209393761916,3298957,6.9716160300925925
0.9670744002446631,3478490,7.3887172067901234
0.969352329764275,3222510,6.775632716049382
0.9732905853975798,2952840,6.090009645061729
0.9756675113753847,2787740,5.54326099537037
0.9785414061437545,2477318,4.688958333333333
0.978944553920725,2400560,4.287941743827161
0.9782327253993446,2513188,4.6504513888888885
0.9787356835676632,2434721,4.5075390625
0.9772527154504975,2610516,4.9383304398148145
0.9760129964661844,2668516,5.219165702160494
0.9753478176183135,2761956,5.598954475308642
0.9763767315328903,2765778,5.782182677469136
0.9750008793390493,2796671,5.853586516203704
0.9743068839147294,2850330,5.922943672839506
0.9763175423632166,2697360,5.532374614197531
0.9806588012559245,2367633,4.462517843364197
0.9821265877474586,2150505,3.7127792245370372
0.9830966569058756,2022327,3.3592616705246914
0.9766115204653919,2556281,4.735971739969136
0.9757923843161643,2605253,5.200169270833333
0.9780258424424626,2523733,4.999660011574074
0.978612314357701,2485016,4.6783092206790124
0.9730543672620412,2971961,6.243552758487654
0.9977113798208714,371517,0.294263599537037
0.9768420625032825,2373832,4.819396219135802
0.9744960373721183,2658226,5.377465277777778
0.9739099294595717,2832788,5.715329861111111
0.9735032823126979,2872979,5.763342496141975
0.9770067664642211,2731612,5.397191358024691
0.978413848359314,2513825,4.815914834104938
0.9777556837010015,2492252,4.700546875
0.9774353026773527,2524249,4.889013792438272
0.9768062359386269,2644685,5.205568576388889
0.9745588529919789,2756516,5.482471064814815
0.9745028818011577,2662128,5.344959490740741
0.9779944949225556,2318004,4.348083526234568
0.9771770206287251,2551286,4.942142168209877
0.9716978094907169,3094928,6.745931712962963
0.9681195219834593,3306168,7.3897945601851855
0.9709584912303997,3066677,6.710665027006173
0.9723082759262406,2946293,6.178091724537037
0.9725338933637075,3023071,6.32353443287037
0.9718633916141073,3166796,6.885331790123457
0.9708790869099642,3322195,7.277441647376543
0.9722067488852565,3226188,6.832262731481482
0.9713634441658878,3191853,6.907828414351852
0.9711306529843071,3183904,6.887076581790123
0.9741259870248472,2881671,6.06361255787037
0.9737704078130277,2819880,5.738110532407408
0.9779111971872859,2532653,5.004025366512345
0.9781387765246163,2532619,5.2273442322530865
0.9793503100377935,2444076,4.80905574845679
0.9784099243924604,2477498,4.859918016975309
0.9784101232079371,2427419,4.698577835648148
0.9812273023216265,2245668,4.322627314814815
0.9816833729907355,2236894,4.234529320987654
0.981293231446663,2244720,4.0644077932098766
0.9822482944901554,2168878,3.9267177854938273
0.9814463927735801,2295722,4.281999421296296
0.9803200749721915,2333246,4.320081983024691
0.9807954723052494,2230202,4.009659529320988
0.9824602778344322,2079284,3.535991512345679
0.9840456520605048,2084025,3.4471098572530865
0.9850934683364114,1956242,3.1949614197530862
0.9845535676157191,1938109,3.0157740162037037
0.9847667950440412,1878192,2.8629301697530862
0.9861625992252362,1827913,2.7109852430555557
0.9862692897995635,1822012,2.7019926697530865
0.9848391585363795,1935830,2.995185185185185
0.9845923212360196,2000178,3.220920138888889
0.9865708540014432,1829017,2.7434071180555555
0.9878217688336693,1707357,2.332768614969136
0.987099728204546,1705226,2.3223090277777776
0.9866100842452495,1708480,2.401591435185185
0.987732348142307,1651607,2.2368677662037038
0.988465655128538,1623149,2.1437254050925927
0.9873576917315176,1674808,2.2299961419753087
0.9868728882777261,1714832,2.3183989197530863
0.9822489579116115,2035337,2.9329103973765434
0.9867236538470332,1733899,2.351439525462963
0.9883718252345838,1577687,2.038596161265432
0.9883099397354466,1592012,2.062601273148148
0.9867786974517143,1691171,2.27559944058642
0.9865396554626238,1719193,2.5005647183641977
0.9860457869461662,1813422,2.9114573688271603
0.9843859948860604,1940801,3.3784264081790125
0.9821050978268979,2149935,3.9449300733024693
0.9813646954406233,2236228,4.1635407021604935
0.9818336009585118,2249746,4.218013117283951
0.9815864030174619,2344870,4.527824074074074
0.9789100067626438,2561046,5.178270640432099
0.9779108346989897,2647242,5.5566078317901235
0.9771376452623384,2863265,6.107350983796296
0.9771231289374103,2887277,6.498883584104938
0.9748640291610775,3210947,7.3326509452160495
0.9744228019440657,3327040,7.73970775462963
0.9730104024658364,3565540,8.088425925925925
0.9732062532164636,3636691,8.475498167438271
0.9717872746719037,3690105,8.62198832947531
0.9714645559036578,3765608,9.011465084876543
0.9726746253099438,3714251,8.949763213734569
0.9733588410124773,3506808,8.442928240740741
0.973755435162096,3311069,7.853898051697531
0.9772425086695801,2814051,6.238550829475309
0.9789784723837852,2580704,5.236044560185185
0.9805104659028656,2357794,4.640097415123456
0.9787641142325035,2378957,4.727911361882716
0.9995281865999569,69692,0.04866801697530864
