0.9990945809595675,146310,0.2049151234567901
0.9994760319330672,92058,0.13335358796296296
0.9969561319264958,595316,0.47292534722222224
0.996640361324044,632444,0.564471450617284
0.9969215541057861,543005,0.5437890625
0.9992604604674628,115793,0.08404947916666666
0.9998220855339398,30063,0.019031153549382715
0.9997662677149206,38353,0.02555025077160494
0.9963658057851752,537580,0.8750192901234568
0.994678019382362,755556,1.1935619212962962
0.997138495734804,530234,0.5870688657407407
0.9969721976198841,484766,0.5673784722222223
0.999517260269385,83748,0.0667139274691358
0.997618271856231,374454,0.4930555555555556
0.9996606065940542,59844,0.048971836419753084
0.9977629056059577,384157,0.4069854359567901
0.9997775111660686,38156,0.028365162037037036
0.9998988724028581,18985,0.01208863811728395
0.9998341649273972,32573,0.026740451388888888
0.997714187839877,379283,0.4773972800925926
0.9996540931782136,63615,0.04878713348765432
0.9981209885378917,332235,0.3840697337962963
0.9971178891943435,467524,0.6052334104938272
0.999527204328679,73769,0.052838059413580246
0.9976892056518485,411687,0.4271918402777778
0.9996075266488927,64978,0.04614486882716049
0.9970273319381345,474350,0.6085300925925926
0.9994680889391611,82828,0.060640432098765434
0.9968256056426084,512266,0.6053395061728395
0.994619819145653,601507,0.6285768711419754
0.9996944367483698,45006,0.033582175925925925
0.9902641035730869,1090133,1.8995085841049382
0.9994617459999345,81709,0.062229456018518516
0.9941769394866763,694340,1.1670968364197531
0.9993810593781203,86040,0.06224054783950617
0.9884896132031229,1131598,2.43389274691358
0.9846450549921651,1320449,3.2345076195987654
0.9994651045818608,82237,0.06877652391975309
0.9998117493963149,30175,0.02126494984567901
0.999874064040863,22945,0.01513647762345679
0.9792351003216418,1635611,4.142337480709877
0.9995849329342208,66953,0.0652049575617284
0.9784211470532687,1776145,4.3193716242283955
0.9893274086619457,1150260,2.4033854166666666
0.9693511582635657,2801313,6.261397087191358
0.9990058746465331,134856,0.09721161265432099
0.9935388730491392,826674,1.370054012345679
0.991502206335485,1096893,1.8778071952160493
0.9993477600808542,102901,0.07849971064814815
0.9928672396477993,877919,1.5354046103395063
0.9994454317803716,82316,0.057241512345679015
0.9996944651402587,50100,0.03185667438271605
0.9996512679297614,53249,0.03948832947530864
0.9890839163446214,1201297,2.393955922067901
0.9993152319269204,97672,0.07400077160493827
0.9925880966771313,892115,1.697106963734568
0.9938807788903075,711421,1.3841083140432098
0.9994190911267443,84400,0.058819444444444445
0.9946096680095857,733137,1.4462321566358025
0.9948622133774732,574411,0.585176986882716
0.99583626671714,574570,0.9555787037037037
0.9996699861393702,53027,0.04586082175925926
0.9998345294866442,28380,0.018994984567901236
0.9998048672031272,31425,0.020477912808641974
0.9943965414672807,748414,1.1509394290123456
0.9934925157102446,837565,1.4182691936728395
0.9970379441599875,478920,0.5692119984567902
0.9954103084725067,641503,0.9747728587962963
0.9995744248482464,66737,0.04935812114197531
0.9965395081182696,474616,0.735901813271605
0.9998641616946484,22276,0.015656828703703704
0.9998487164071514,27101,0.018420621141975308
0.9997286079232147,48667,0.036019000771604935
0.9967357138769896,405749,0.7035170717592593
0.9996989641991483,50345,0.039541377314814816
0.99751826376672,374354,0.535174575617284
0.9955230614400673,553270,0.9583188657407408
0.9996354444256303,60134,0.045989583333333334
0.9960834076589625,571854,0.7871701388888889
0.9993817264862748,93127,0.06983072916666666
0.9954982996991268,596177,0.9351258680555555
0.9996152779459803,63838,0.0475366512345679
0.9957938708421963,599134,0.9360387731481481
0.999396989829894,86948,0.06750868055555556
0.9921071764654636,889880,1.7721720679012345
0.9954577983466908,635813,1.170489486882716
0.9996304732731786,54832,0.03591917438271605
0.9893904118154394,1171867,2.6286241319444446
0.9998459134625198,23002,0.019112654320987653
0.9948945516267433,572906,0.5514236111111112
0.9850836703533019,1613278,3.034422260802469
0.9993738241532766,88440,0.06360146604938272
0.9932652602971639,830916,1.608413387345679
0.9992705828752844,97825,0.0698413387345679
0.9958905669576658,629742,0.7952835648148148
0.9993333169684211,107920,0.07934606481481482
0.995500645327578,664856,0.9705131172839506
0.9991588534565177,130188,0.09821277006172839
0.9948247819763016,665015,1.0440571952160493
0.9995045256890044,80523,0.060379533179012346
0.9947501552465509,635013,1.1037273341049383
0.9954956077261525,629263,0.9248500192901234
0.9994217531312242,83709,0.05998022762345679
0.9953453031067341,595811,0.9564163773148148
0.9997490580016772,38098,0.026537422839506174
0.9997864113458285,33454,0.021030092592592593
0.9995479262889869,69382,0.04891203703703704
0.9953737354897694,600994,1.0591657021604939
0.9996210650940742,57824,0.04042341820987654
0.9940034888769576,770112,1.356052276234568
0.9993351587930516,96193,0.07232880015432099
0.9929738651163296,833120,1.602494212962963
0.9948743265357552,666488,1.1484394290123456
0.9994856803974892,75464,0.05302758487654321
0.9945093581976909,655976,1.2375877700617284
0.9996180936407277,62345,0.04787953317901235
0.9951854180953124,626017,1.0191565393518518
0.9994692081089797,80105,0.05852768132716049
0.9969754792878671,450018,0.6588859953703704
0.9889788608574283,1086819,1.9938826195987653
0.9998375592162198,26019,0.01931954089506173
0.9999104310150269,13828,0.00890914351851852
0.9998367382244863,25216,0.01778935185185185
0.9948000487974691,633560,1.083258101851852
0.9996330843297221,59206,0.04289255401234568
0.9963970425272167,475188,0.7709268904320987
0.999685109863059,51865,0.03949122299382716
0.9947835499158667,609364,1.0347164351851852
0.9933468695443824,831511,1.413777488425926
0.9993059612139501,102795,0.08259403935185185
0.9938159652608559,787209,1.3263681520061728
0.9994142322799663,82743,0.059129533179012345
0.9961281611211852,487522,0.8047897376543209
0.9996605127055613,56241,0.04242042824074074
0.9965156198220635,449768,0.6839149305555555
0.9995236546035074,73179,0.053198784722222225
0.9944678950383115,677081,1.3069420331790123
0.9996818354113005,50777,0.03646074459876543
0.9949625072614684,683384,1.146706211419753
0.9941559203672037,706348,1.184363425925926
0.9994983994844574,76534,0.062432484567901236
0.9997891011388427,35454,0.025054976851851853
0.9997683646084697,39186,0.0298852237654321
0.9949056756452246,650334,1.0979494598765431
0.9955911967642709,593167,0.8942134452160494
0.9995940520879325,65498,0.04909143518518518
0.9943451837317294,692639,1.218759162808642
0.9994617059898075,82173,0.06192177854938272
0.9947895843292918,674568,1.3205131172839506
0.9946732036061976,587673,0.632923900462963
0.9912526837198343,990190,1.8242264660493828
0.99958460400815,58131,0.04381124614197531
0.9938181833272981,812397,1.4946387924382716
0.9994636217015224,74297,0.054388020833333335
0.9995037636839794,78601,0.057418499228395065
0.9964476410876987,508736,0.7633757716049383
0.9995972331456386,59941,0.04387104552469136
0.994001714770077,752774,1.3572202932098765
0.9946855164487756,695319,1.159317611882716
0.9950045086615126,691701,1.107298900462963
0.9996663641919349,54886,0.04023533950617284
0.999720520487857,41310,0.02656057098765432
0.9943449177615449,683956,1.3559268904320987
0.9996381792132939,60860,0.04567129629629629
0.990380935192484,1110500,2.6186207561728394
0.9995077222206518,75215,0.05609326774691358
0.9854484188014558,1265786,3.009973958333333
0.9995503055179615,70730,0.054301697530864196
0.9759798662115735,1898378,4.93249324845679
0.9993231262983309,106026,0.13078703703703703
0.9827107194613616,1503582,3.642342785493827
0.9995619845860294,66426,0.05429783950617284
0.9938200133956876,734012,1.4450472608024691
0.9993533363437154,89752,0.06617959104938272
0.9992984102147431,94449,0.06588011188271604
0.9858726820759295,1457092,2.9955738811728394
0.9993618465627523,95260,0.06633584104938271
0.9865406311934897,1471087,2.855597511574074
0.9997801889941454,31945,0.027372202932098764
0.989967547160971,1054326,1.779742476851852
0.9994946492444311,70302,0.052592592592592594
0.9923519889148825,906179,1.661950713734568
0.991977625795883,852615,1.6730483217592593
0.9993235621471471,92937,0.0665697337962963
0.9912379590376741,863761,1.8810286458333334
0.9997243805345986,41884,0.02941936728395062
0.999825776668281,30079,0.01867235725308642
0.9998020767155944,30481,0.019146894290123458
0.9903777269016225,980225,2.158734085648148
0.9931807101120337,760773,1.5201258680555556
0.9996040718140454,63722,0.04628858024691358
0.9939618448500532,714693,1.2738421103395061
0.999276046100798,98744,0.07002797067901234
0.9875487075026623,1349853,2.6969053819444446
0.9743592522888818,2595475,5.602242959104938
0.99898565167701,142385,0.11642988040123457
0.9989865930612748,144619,0.10953751929012345
0.9897861260930046,1135564,2.2128337191358023
0.9993380167069239,97038,0.06853298611111111
0.9869151258638121,1335726,2.7940441743827162
0.9902062181294553,1083217,2.2290938464506174
0.9993885407201001,91839,0.06485773533950617
0.9826769705532864,1676299,3.5622709297839505
0.9989206428516193,145746,0.10678337191358024
0.992347489529891,923875,1.630573398919753
0.999350116305262,97394,0.06565779320987654
0.9842147224697474,1758865,3.487814911265432
0.9988313008475417,162946,0.12128568672839506
0.9746097575070445,2345157,4.962933545524692
0.9929400708722796,760809,0.7944188850308642
0.9883328912391579,1533820,2.3915181327160493
0.9990652285825087,131659,0.10654851466049382
0.9993947285104002,85081,0.06120804398148148
0.9856626577133429,1439683,3.0145172646604936
0.9912993232495744,1033114,1.8820283564814815
0.9994952272671663,74408,0.05454957561728395
0.9923665486135042,960022,2.0080623070987653
0.9994947451390764,70896,0.049596836419753085
0.9918294848903958,928653,1.9565552662037038
0.9997279413880836,44356,0.03151331018518518
0.9944084586635565,651440,1.2401514274691359
0.9995952862342261,59027,0.04224488811728395
0.9942821830726254,731419,1.3243166473765433
0.9995137799197708,73668,0.053016010802469135
0.9924818075354741,930354,1.8475713734567902
0.9994537508969432,77019,0.06071614583333333
0.9996026803652217,66618,0.05076678240740741
0.9948366848271691,699477,1.3249078896604938
0.9995996653550117,68682,0.056477623456790124
0.99631078777926,513487,0.7723008294753086
0.999521339261172,77717,0.06011332947530864
0.9939684833452842,774655,1.6669179205246913
0.9996961062582671,48666,0.033804012345679015
0.9948163479024927,650813,1.284318576388889
0.9942688177574017,730985,1.438266300154321
0.9995689255944378,69304,0.0512037037037037
0.9920165062367664,1061635,2.015862750771605
0.9991422091875646,119007,0.08930121527777778
0.9899582265121136,1167756,2.330726273148148
0.9941142591396296,644912,0.6662133487654321
0.988563871457621,1279665,2.545586902006173
0.9994154914016424,83890,0.058015046296296294
0.992030893836376,970168,1.7770244984567902
0.9992237006585747,104671,0.07626977237654321
0.9959476711092449,564646,0.8577015817901235
0.9994616878025558,83617,0.05909963348765432
0.9889273339976117,1215437,2.675332272376543
0.9862023517761231,1534165,3.298774594907407
0.9991533967703645,127182,0.12263792438271605
0.9898655602611187,1152810,2.514512924382716
0.9997572661665002,38587,0.026280381944444445
0.9997345364762578,38928,0.027255015432098767
0.9996006330255771,63416,0.047219328703703704
0.9969326024747971,450654,0.687259837962963
0.9953112282953397,613843,1.0376914544753086
0.9995120429112052,70510,0.05496141975308642
0.9964478034973011,499119,0.721878375771605
0.9995923666638618,66485,0.04754484953703704
0.9937989192197153,718552,1.199921875
0.9995295248037679,70176,0.051262538580246916
0.9938604697929183,731467,1.3693822337962962
0.9996675199127862,52562,0.039057677469135806
0.9942737878660102,695194,1.352685185185185
0.9937067696937137,765036,1.3712982253086419
0.9992962319290509,102652,0.08243344907407407
0.9953183740103966,642758,0.9841338734567902
0.9994963308965573,73045,0.05285831404320988
0.985159149302094,1640649,3.7280193865740743
0.9997619127499516,36934,0.029616126543209876
0.9948320245458799,574567,0.5522545331790123
0.9996151909109454,48868,0.034424189814814814
0.982258430051447,1942914,4.199485918209876
0.9898032753037389,1211617,2.253872974537037
0.9994006253239912,79665,0.057251639660493826
0.9997798039223378,32698,0.021528742283950617
0.9998501232376626,23838,0.015385802469135802
0.985843440247886,1314188,3.1944627700617283
0.9996139534428626,49865,0.035442226080246914
0.9864622455234462,1196676,2.780000964506173
0.9933100521281112,829467,1.643975212191358
0.994670806796382,738560,1.4348292824074074
0.9900333204890681,1003764,2.2315653935185185
0.9995013425060256,76418,0.05819540895061728
0.9929326476850487,762828,1.4867814429012345
0.9996046479863303,67420,0.07295428240740741
0.9997060677518326,49042,0.03881172839506173
0.9995205478027718,74698,0.05751446759259259
0.9937670362898252,786477,1.362003761574074
0.996114762010287,545694,0.7918016975308642
0.999273958960747,110224,0.08414255401234567
0.9921398085528244,953032,1.7307600308641975
0.9995058061681859,72018,0.0509837962962963
0.9939268134424035,725818,1.4188927469135801
0.9992918894756779,107623,0.08074604552469136
0.9959668503623121,597063,1.0871349344135803
0.9996606923155317,56135,0.04063126929012346
0.9997804994559697,39644,0.025379050925925926
0.9997139196348485,47481,0.031206114969135803
0.9999251159131202,11093,0.007824556327160493
