0.9209019042289595,7116225,17.919497010030863
0.9995206779484294,109032,0.08653452932098765
0.8701117834572535,8789510,21.614430941358023
0.8510725455041122,8828864,22.200624035493828
0.8827597634948501,7615944,19.183198302469137
0.8185556282159098,10112253,24.149153645833334
0.9623736870946183,4240884,11.159818672839506
0.8811187139382604,7348606,19.39751639660494
0.999144645385511,157101,0.15720823688271604
0.9739990409607028,3197872,7.9502671682098764
0.962287912967676,4157157,10.961640142746914
0.8997818857597568,7398124,18.906166087962962
0.9438421614653998,5180754,13.511816165123458
0.9287557917198019,6528004,16.401065779320987
0.9995430836582966,99452,0.08424961419753087
0.9544311432937308,4774707,12.240901331018518
0.8464043978821744,9065092,22.70010127314815
0.9476852054859787,4810862,12.85666087962963
0.9513118067199111,4426913,12.097947048611111
0.8373949104142333,9232955,23.33417004243827
0.9995037449232308,71919,0.0510546875
0.8181471283238926,10396454,25.143694058641977
0.7941943250893891,11947850,26.823193479938272
0.8998544622179949,7796925,19.20173369984568
0.9996954518222705,41630,0.027356288580246912
0.8307572206215997,10761858,25.107498070987653
0.9991840522228196,147283,0.13071132330246912
0.9532415648605842,4747212,12.129353780864198
0.9445101442127645,4698624,13.340608603395061
0.943099073883809,4937879,13.30856143904321
0.9192349139628929,5992376,16.176865354938272
0.9994851183169657,94837,0.07314380787037036
0.9393360267311498,4837867,13.475370852623456
0.8085909524659461,10409291,25.39384018132716
0.9429105811342463,5994992,14.042884837962964
0.8649405768270945,9273065,21.95521267361111
0.8939769331876548,7468458,18.673948688271604
0.999428964903956,112414,0.09834780092592593
0.9730626436779292,3392152,8.099213927469135
0.9051302689783067,6835191,17.9071696566358
0.9369788488971944,5344075,14.375277295524691
0.9147649897746072,6349648,17.388944830246913
0.9792541967040981,2693894,6.365075231481481
0.9988367474978714,264796,0.2593258101851852
0.9717540134646567,2861705,7.745376639660494
0.9369155643539834,5194311,14.125454764660494
0.9545331104900566,3967736,11.389482060185186
0.9700107172012873,3063670,8.53007137345679
0.9992408830870956,158795,0.1471918402777778
0.7953284432013992,11223976,25.911087962962963
0.8777607217676576,7612169,19.8637109375
0.9363060649789249,5331234,13.916337770061729
0.7952260556054892,13396077,28.484945505401235
0.9251173312736171,6525389,15.391779031635803
0.8783252453732043,7620365,19.478852719907408
0.9995505514518801,56944,0.03762538580246914
0.8267343043662643,11156514,25.109856288580247
0.9411001571042477,5240096,13.631697530864198
0.8740496947578845,8230071,20.623081114969136
0.8849599135185869,7847016,19.85902777777778
0.9995530916254658,102821,0.13158420138888888
0.9118774553267119,6318253,16.83600742669753
0.8433390277785812,8905571,21.806892843364196
0.8187173244331134,10498870,24.330331790123456
0.8991291651981954,6425066,16.575527584876543
0.856199776510274,8882150,21.87653452932099
0.9135712743139393,6291742,16.93888985339506
0.9991312925034158,145577,0.12671923225308643
0.9658846212843907,3653027,10.250874324845679
0.9722423894988939,3172659,8.493238329475309
0.9384239804469373,5322650,13.932118055555556
0.9996528165509617,51892,0.03865065586419753
0.8440814089166004,8602768,22.157239583333332
0.9993458824299734,128414,0.11136574074074074
0.9156545323489849,6407730,17.361448688271604
0.9409083939421561,4630010,12.702865547839506
0.8181021349892691,10362826,25.047087191358024
0.9212539310352506,6319439,16.57853057484568
0.8570447640643505,9065260,22.465523726851853
0.9991457346432537,126626,0.10087287808641976
0.9655121393470042,4014649,10.396221547067901
0.973957339572715,3281132,8.679375964506173
0.9520257312463732,4607736,12.20380111882716
0.9819736641728355,2689548,6.560758101851852
0.9658119184906082,3885757,10.335998746141975
0.9193040270236938,6249489,16.7759553433642
0.9994269060839847,82414,0.05911458333333333
0.9775506676159794,3060462,7.596786265432098
0.9604489279691476,4067384,11.200112847222222
0.9501254560967185,4708335,12.788804494598766
0.9037532584039712,6939246,18.174689429012346
0.9992116226644301,171359,0.15105758101851852
0.8961662555089888,7301551,18.90674430941358
0.958858317897139,3625044,10.106665702160495
0.8734233870173286,7724753,20.28311294367284
0.877117756014467,7980672,20.460577739197532
0.9664914972409329,3911357,10.266230227623456
0.9990011991321924,181493,0.1651904899691358
0.9883469388573092,2353466,5.326283757716049
0.9308914084738797,5888289,16.10514419367284
0.8844590241575987,8390714,21.223599537037035
0.9811387638940847,3243930,7.5016493055555555
0.9645766556117441,4263894,11.466430362654322
0.999368018178623,108608,0.08811921296296296
0.988354795487561,2305726,5.646219135802469
0.9498083771504848,4612007,12.658230613425927
0.9624284097091411,3811220,10.543243634259259
0.9801847272126715,2509242,6.31900462962963
0.9654466741800806,3351867,9.26964168595679
0.999119923906752,201360,0.22568479938271604
0.9141390608532092,6172493,17.33794608410494
0.9396876193497656,5133834,14.37285300925926
0.9460093655205528,4734937,13.222346161265433
0.9840479994580704,2541478,5.951004050925926
0.9730797287045513,3677676,10.200596064814814
0.9993509993808118,141605,0.12240981867283951
0.9649197415331462,3886615,10.480475983796296
0.9654217732777843,3871909,10.744629147376543
0.9705484146059544,3284337,9.037826485339506
0.9075819901853591,6618281,18.348525752314814
0.9078818984354315,6247894,16.9771305941358
0.9993483234658169,142978,0.12548418209876544
0.7975141377175463,10857399,26.226185860339505
0.943458217909253,5276143,14.03423080632716
0.8709677954515097,8087779,20.9699821566358
0.8702967165569894,8234672,21.028400848765433
0.9989266920236868,200285,0.20325376157407407
0.9812861723540147,2675202,6.938089313271605
0.9039980161678894,6554530,18.12061149691358
0.9417421874162841,4717769,13.415961130401234
0.9601749349037517,4002529,10.74464168595679
0.9520154504706222,3934628,11.293731674382716
0.9992229373674356,145160,0.1240721450617284
0.9549801716425983,4069513,11.45743682484568
0.9619204931785834,4015841,11.293060860339507
0.9601023149637277,3779902,10.647008101851851
0.911107399316917,6503056,18.04942226080247
0.9434719864901151,4818419,13.46143856095679
0.9992725376168353,114228,0.08972029320987654
0.9447075303571227,4770385,13.636772280092593
0.9848019594474672,2352078,5.555663580246914
0.9541784511954444,4542773,12.354391878858024
0.9827498528227332,2476649,6.326462673611111
0.9806535632475392,2591210,7.023565779320988
0.970273690948671,3366827,9.546637249228395
0.9988296648323186,295040,0.3102980324074074
0.9913257280412566,1878840,4.0334510030864195
0.9492931917318251,5001869,13.5693359375
0.8834679968244232,7492866,19.96219425154321
0.9158263298391198,6538008,17.786269290123457
0.8601154537030158,8294862,21.253695023148147
0.9994735582557568,107768,0.08904996141975309
0.9809297867795659,2559655,6.164901138117284
0.8840081931121178,7213041,19.344598283179014
0.9218543983411844,5700205,15.979363908179012
0.973716016354372,3083314,7.860294174382716
0.9336574412656075,5620266,15.27795524691358
0.9987967097540903,239182,0.22668595679012346
0.930831156345917,5897248,16.029784915123457
0.8083274450394945,11314714,27.140412808641976
0.9848398402474897,3025586,7.85725887345679
0.9216043803919746,6881165,19.195049672067903
0.9990378753253512,192652,0.18177372685185186
0.9325000465143919,6564981,18.63394145447531
0.9993777135746938,90292,0.06743248456790124
0.9801887478843553,2690085,6.53339168595679
0.9557262242021417,4598779,12.595465374228395
0.9762941863379347,3409265,8.76237606095679
0.9118082844915627,6995923,18.89518759645062
0.9983998833489336,384689,0.4025168788580247
0.9690437917933491,4428470,11.309903549382716
0.9185562608154451,6611235,17.899107349537037
0.9658508929880568,3932449,10.461684510030864
0.9567242877190413,4290535,11.941712480709876
0.9994319785393782,99830,0.08025559413580247
0.9916200321571905,1590508,3.2531828703703702
0.9179847562784541,6115851,16.09158227237654
0.976978329186663,2679390,7.2252025462962965
0.9565710519239173,3653088,10.27383198302469
0.854626274735741,8647448,21.70116801697531
0.9752425824656364,2936121,7.399964795524691
0.9991885286269695,180017,0.17695167824074073
0.9238822931275531,5871895,15.661581307870371
0.8871089180805343,7894715,21.047900752314813
0.9249221044507797,6175969,17.061895736882715
0.9467638851830508,4846048,13.798439429012346
0.9110033327057768,6604117,18.097788869598766
0.9987566381100534,248405,0.26615113811728397
0.9862582913171515,2177659,5.210282118055556
0.961950602488952,3958131,11.027191840277778
0.9992816505866043,135034,0.12400945216049383
0.9724915452083206,3529239,8.8208203125
0.9995307200920012,104371,0.10516059027777777
0.9541947432661192,4115029,11.477068383487655
0.9993100332201948,132571,0.1100342399691358
0.9625942221008745,3944687,10.003096547067901
0.9781315000197737,2800083,7.768573977623457
0.9702338672549019,3013321,8.50785831404321
0.8624816308940647,7995170,21.831611689814814
0.9991592114673864,179624,0.1837451774691358
0.9219780223511889,5580605,16.317933545524692
0.9908070758449823,1527316,3.2606288580246914
0.9604327400361378,3746913,10.806812789351852
0.779314483469897,11661122,27.418421103395062
0.9097659813037487,6557389,18.071408661265433
0.9995151241009427,74072,0.06217110339506173
0.9360831123705508,5459438,14.958153935185186
0.925595082056557,5707226,14.949731867283951
0.9663007838907522,3245144,8.635046296296297
0.878922853139653,7905922,20.063075810185186
0.9487938599021615,5254062,13.374960455246914
0.9987634598207372,251607,0.24827015817901235
0.9391524469274707,4770469,13.386230227623457
0.818609552062953,10479410,24.661353202160495
0.93958380768233,5716039,14.711868730709876
0.9146605953776038,6313633,16.674354263117284
0.851904530742264,9240387,21.869901138117285
0.999315253464721,115231,0.10617525077160493
0.8956347853010266,7844228,19.280190972222222
0.8691620138076731,8573687,20.50571132330247
0.7916035884176449,12818475,27.565613908179014
0.8584914034577261,9513741,22.482982735339505
0.8549071351230098,10162409,23.51023582175926
0.9995924384807809,80897,0.0685595100308642
0.879142623126691,7847657,19.72635368441358
0.8878537180040442,6964373,18.30336853780864
0.9198760601897956,6424360,16.88930073302469
0.8561525458579674,8965400,21.641227816358025
0.9018773408673879,7047819,17.741402874228395
0.9993428463515983,97737,0.07470148533950617
0.9244100810194913,5431121,15.057386670524691
0.8998344724411772,6653343,17.036154031635803
0.9478362742001625,4702178,12.698472222222222
0.902308259002879,6935012,18.506996527777776
0.939711135631687,4627047,12.663647280092592
0.9987786149007957,289333,0.30562355324074075
0.8967901362544465,6919868,18.48305652006173
0.8671779514859875,8211591,20.516080729166667
0.9690625726675339,3693925,9.262044270833334
0.8582590697806223,8578811,21.224402488425927
0.8942936738979146,7290079,18.869026331018517
0.9987280102637996,264722,0.27174864969135804
0.9401040319220737,5192013,13.140934124228394
0.98522062307255,2244692,5.250558449074074
0.9286498887178078,5600036,15.177405478395062
0.9811888470283646,2775212,5.616241319444445
0.907764903316923,6700485,17.589860628858023
0.9986388223010717,324810,0.33162519290123454
0.9465040732163119,4730765,13.136976755401234
0.9205230397088641,6042609,16.570014949845678
0.8834400450709042,7464437,20.03871768904321
0.9335036063039474,5840563,15.158670428240741
0.9589504145676647,4024780,11.105197723765432
0.9992368974149787,186185,0.19323543595679013
0.910960420805389,6209920,16.87149787808642
0.9383292277397824,5094859,14.06491367669753
0.9349355974344593,5175731,14.530720003858026
0.8773572552235703,7298130,19.62655285493827
0.9017408123540424,6703237,18.291472318672838
0.9983455567648724,377790,0.3976678240740741
0.9912981272553518,1540514,3.4458391203703704
0.9616063438523506,4052221,11.05392795138889
0.9529013299076106,4465884,12.609318094135803
0.9011975671900132,6382077,17.765906153549384
0.9144553277049235,6105733,16.98641155478395
0.999154535984443,172459,0.1653149112654321
0.9350552598530226,5097388,14.181157407407408
0.8835237444949164,7637949,20.35836371527778
0.8817116183247113,7551696,20.12805652006173
0.8433604097873721,9541475,23.90551456404321
0.9996448315569701,51000,0.042702546296296294
0.9579393443342963,4483516,12.203546489197532
0.9211269547601573,5971782,16.21449749228395
0.8871135940630394,7771372,19.8375
0.9381812758012752,5513404,13.970515046296295
0.9747329836012711,3409216,8.4699324845679
0.9526454649864179,4657117,12.195388213734567
0.9995670107168815,58439,0.04140962577160494
0.897681582576464,7402501,19.244759355709878
0.9993935520050639,146562,0.14739679783950618
0.9901462045041083,1894622,4.356605902777778
0.9343585291997554,5503952,15.368088348765433
0.9603779154660604,4139022,11.250136959876544
0.9993394923551685,107752,0.08775848765432098
0.9436256110632569,5310102,14.290331790123457
0.8320826697258571,9147814,23.44743537808642
0.806738813279334,10642374,25.156599151234566
0.8742355357589583,7767138,20.53274787808642
0.998260051236089,391185,0.4102840470679012
0.9398605056268259,5237716,13.763477044753087
0.8078764788450246,10492422,25.412498070987656
0.9202247762364558,6174994,16.326774691358025
0.829148224668754,10203852,24.59660686728395
0.9248992978912279,5787728,15.331782407407408
0.9039943254849256,6768524,17.943219521604938
0.9990732999510347,181240,0.1759471450617284
0.9408155700820554,5073063,13.984180652006172
0.910587678609055,8660248,21.284220679012346
0.8344839579654336,9307289,22.975563753858026
